transaction_id,transaction_date,customer_id,product_id,quantity,unit_price,discount_pct,channel,payment_method,city,returned
T00001,2024-03-07,C0135,P0015,2,479.39,20,Store,Card,Sevilla,no
T00002,2023-08-15,C0243,P0079,1,728.88,20,Partner,Cash,Sevilla,yes
T00003,2023-03-04,C0123,P0109,7,429.72,0,Store,Wallet,Madrid,yes
T00004,2023-11-26,C0156,P0019,2,131.43,10,Partner,Cash,Sevilla,no
T00005,2024-06-27,C0076,P0059,7,104.58,15,Online,Transfer,Sevilla,no
T00006,2023-08-22,C0106,P0044,8,402.34,15,Online,Cash,Sevilla,no
T00007,2024-11-12,C0066,P0048,3,688.7,5,Online,Card,Zaragoza,yes
T00008,2023-04-06,C0111,P0013,6,812.9,10,Online,Cash,Málaga,yes
T00009,2024-02-25,C0091,P0112,7,868.88,15,Online,Cash,Bilbao,no
T00010,2023-12-27,C0027,P0074,4,159.8,5,Online,Card,Valencia,no
T00011,2024-01-12,C0030,P0098,5,576.66,20,Store,Card,Bilbao,no
T00012,2023-01-30,C0047,P0035,5,922.01,0,Online,Transfer,Zaragoza,no
T00013,2024-08-02,C0169,P0052,2,147.02,15,Online,Card,Málaga,no
T00014,2023-08-09,C0097,P0054,8,344.85,0,Store,Cash,Zaragoza,no
T00015,2024-09-02,C0022,P0114,1,160.65,20,Partner,Card,Málaga,yes
T00016,2023-10-06,C0114,P0085,7,488.75,5,Store,Cash,Barcelona,no
T00017,2023-04-27,C0089,P0056,2,287.55,15,Partner,Wallet,Bilbao,no
T00018,2023-02-16,C0057,P0051,1,13.64,0,Online,Transfer,Zaragoza,no
T00019,2023-10-24,C0084,P0016,1,500.4,5,Online,Transfer,Sevilla,no
T00020,2023-08-24,C0129,P0072,6,77.64,20,Partner,Card,Sevilla,yes
T00021,2024-04-15,C0236,P0010,6,578.3,10,Store,Wallet,Valencia,yes
T00022,2024-02-19,C0006,P0042,3,802.51,10,Store,Cash,Madrid,no
T00023,2023-04-19,C0063,P0056,7,526.82,5,Store,Cash,Barcelona,no
T00024,2023-06-22,C0020,P0066,2,533.42,0,Store,Cash,Málaga,no
T00025,2023-08-30,C0027,P0019,5,202.09,10,Online,Card,Barcelona,no
T00026,2024-04-20,C0194,P0073,8,683.05,10,Partner,Cash,Zaragoza,no
T00027,2023-06-04,C0113,P0009,8,445.55,0,Store,Card,Valencia,no
T00028,2023-03-17,C0080,P0060,8,43.38,0,Store,Card,Málaga,yes
T00029,2024-09-21,C0153,P0065,7,465.94,10,Partner,Card,Sevilla,no
T00030,2024-10-29,C0049,P0042,8,504.36,0,Store,Card,Zaragoza,no
T00031,2023-03-28,C0130,P0083,3,44.91,15,Store,Wallet,Bilbao,no
T00032,2024-09-16,C0041,P0047,6,918.43,5,Store,Cash,Málaga,no
T00033,2023-02-23,C0203,P0081,6,71.52,0,Partner,Wallet,Valencia,no
T00034,2024-11-03,C0247,P0117,3,337.36,10,Partner,Transfer,Valencia,no
T00035,2024-11-02,C0179,P0085,7,134.18,15,Online,Cash,Bilbao,no
T00036,2024-10-20,C0203,P0043,3,672.1,20,Partner,Card,Málaga,no
T00037,2024-06-04,C0093,P0003,6,313.01,0,Store,Wallet,Barcelona,no
T00038,2023-05-21,C0040,P0010,5,845.36,0,Partner,Card,Málaga,no
T00039,2024-09-24,C0034,P0077,7,159.33,0,Partner,Transfer,Málaga,no
T00040,2023-02-14,C0106,P0047,4,969.77,10,Store,Wallet,Barcelona,no
T00041,2023-09-02,C0080,P0104,8,904.55,0,Store,Wallet,Sevilla,no
T00042,2024-01-27,C0129,P0068,7,966.47,20,Online,Transfer,Zaragoza,no
T00043,2023-02-23,C0165,P0062,6,557.21,0,Partner,Card,Valencia,yes
T00044,2023-06-14,C0070,P0058,3,832.06,0,Online,Wallet,Valencia,yes
T00045,2024-02-29,C0014,P0051,6,240.36,0,Store,Transfer,Madrid,no
T00046,2023-04-12,C0215,P0092,6,792.63,0,Online,Cash,Zaragoza,no
T00047,2023-05-23,C0195,P0091,8,451.91,0,Online,Card,Valencia,no
T00048,2023-06-03,C0141,P0094,7,116.52,0,Online,Cash,Madrid,yes
T00049,2023-09-02,C0108,P0082,8,68.43,20,Store,Card,Málaga,no
T00050,2024-08-11,C0062,P0092,3,295.52,0,Partner,Cash,Barcelona,no
T00051,2024-03-02,C0048,P0086,2,526.34,0,Online,Card,Sevilla,no
T00052,2023-02-14,C0163,P0050,6,258.13,0,Store,Card,Valencia,no
T00053,2024-11-03,C0161,P0014,6,138.61,0,Partner,Cash,Zaragoza,no
T00054,2024-04-20,C0179,P0062,3,812.63,0,Partner,Wallet,Madrid,no
T00055,2023-07-26,C0012,P0102,4,886.48,0,Store,Wallet,Zaragoza,no
T00056,2024-04-29,C0065,P0005,4,290.39,20,Online,Cash,Valencia,yes
T00057,2024-01-12,C0112,P0114,7,744.85,5,Store,Transfer,Sevilla,no
T00058,2024-01-12,C0237,P0103,5,802.34,15,Store,Card,Sevilla,no
T00059,2023-07-04,C0140,P0038,6,107.98,0,Partner,Cash,Valencia,no
T00060,2024-09-09,C0184,P0055,3,691.63,0,Store,Card,Málaga,no
T00061,2024-09-21,C0112,P0036,1,80.59,15,Store,Cash,Bilbao,no
T00062,2023-02-01,C0037,P0109,8,40.59,0,Online,Cash,Valencia,no
T00063,2024-08-03,C0009,P0078,3,680.99,0,Store,Wallet,Zaragoza,yes
T00064,2024-08-10,C0036,P0068,6,401.65,15,Store,Transfer,Madrid,yes
T00065,2023-07-10,C0128,P0067,7,914.06,0,Store,Cash,Málaga,no
T00066,2023-08-08,C0157,P0037,8,204.98,0,Online,Wallet,Barcelona,no
T00067,2023-03-31,C0208,P0088,6,669.83,15,Online,Cash,Valencia,no
T00068,2024-10-15,C0045,P0102,6,511.7,0,Online,Transfer,Barcelona,no
T00069,2023-01-27,C0093,P0071,6,470.6,10,Online,Card,Madrid,no
T00070,2024-02-12,C0184,P0093,8,528.54,20,Store,Card,Barcelona,no
T00071,2024-10-19,C0019,P0058,8,682.03,0,Online,Transfer,Zaragoza,no
T00072,2024-03-19,C0129,P0117,1,832.4,10,Online,Cash,Barcelona,no
T00073,2023-11-27,C0240,P0091,4,349.95,10,Store,Card,Valencia,no
T00074,2024-10-12,C0245,P0071,5,130.42,0,Partner,Card,Bilbao,no
T00075,2024-08-29,C0242,P0075,3,176.17,10,Partner,Cash,Zaragoza,no
T00076,2023-02-12,C0212,P0111,1,86.74,15,Partner,Cash,Málaga,no
T00077,2024-08-08,C0107,P0080,1,501.05,15,Partner,Cash,Málaga,no
T00078,2024-05-09,C0063,P0104,7,301.65,0,Partner,Card,Barcelona,no
T00079,2024-03-01,C0124,P0060,4,344.15,0,Store,Cash,Málaga,no
T00080,2024-02-13,C0034,P0098,6,517.89,0,Store,Transfer,Sevilla,yes
T00081,2023-10-01,C0116,P0032,3,102.23,0,Store,Wallet,Barcelona,no
T00082,2023-12-02,C0240,P0074,6,194.7,0,Store,Wallet,Sevilla,no
T00083,2024-05-24,C0006,P0012,7,508.41,0,Online,Cash,Madrid,yes
T00084,2023-10-16,C0127,P0077,8,290.03,0,Online,Wallet,Barcelona,no
T00085,2024-01-10,C0196,P0052,6,50.97,0,Partner,Transfer,Valencia,no
T00086,2023-10-23,C0019,P0050,8,765.82,0,Partner,Card,Barcelona,yes
T00087,2024-02-08,C0096,P0102,6,560.48,0,Online,Transfer,Bilbao,no
T00088,2024-02-16,C0129,P0006,1,44.68,15,Store,Wallet,Bilbao,no
T00089,2023-06-02,C0156,P0115,3,332.0,10,Store,Transfer,Sevilla,no
T00090,2023-11-03,C0152,P0044,8,710.49,0,Store,Card,Valencia,no
T00091,2024-11-20,C0029,P0054,5,797.97,15,Partner,Card,Bilbao,no
T00092,2023-09-29,C0248,P0084,4,723.07,10,Store,Transfer,Bilbao,no
T00093,2024-01-25,C0038,P0106,4,37.38,15,Online,Transfer,Madrid,no
T00094,2023-11-18,C0108,P0020,7,692.36,5,Partner,Wallet,Zaragoza,yes
T00095,2023-05-22,C0133,P0027,6,998.13,5,Partner,Wallet,Valencia,no
T00096,2024-04-15,C0234,P0069,6,549.0,15,Partner,Cash,Bilbao,no
T00097,2023-07-16,C0246,P0032,5,560.74,0,Store,Cash,Málaga,no
T00098,2024-05-15,C0082,P0062,6,563.12,20,Partner,Cash,Valencia,yes
T00099,2024-08-10,C0174,P0070,7,896.39,5,Store,Transfer,Valencia,yes
T00100,2023-10-22,C0245,P0092,2,350.29,5,Partner,Cash,Málaga,no
T00101,2023-08-08,C0052,P0106,5,933.43,15,Store,Transfer,Madrid,no
T00102,2024-08-23,C0062,P0032,1,671.81,10,Online,Transfer,Madrid,yes
T00103,2024-02-28,C0085,P0092,8,105.94,20,Online,Card,Bilbao,no
T00104,2024-02-21,C0168,P0120,8,480.58,0,Store,Cash,Valencia,yes
T00105,2023-04-02,C0167,P0074,4,537.94,15,Online,Transfer,Sevilla,no
T00106,2023-02-07,C0215,P0051,8,191.19,15,Store,Card,Madrid,no
T00107,2024-08-04,C0155,P0014,6,288.85,15,Partner,Wallet,Barcelona,no
T00108,2024-04-24,C0070,P0025,2,334.7,15,Store,Cash,Málaga,no
T00109,2023-01-15,C0189,P0044,5,570.37,20,Online,Transfer,Bilbao,no
T00110,2024-03-13,C0132,P0042,2,404.43,0,Online,Transfer,Sevilla,no
T00111,2023-09-12,C0002,P0034,7,240.11,20,Store,Cash,Valencia,no
T00112,2024-08-09,C0003,P0034,6,694.61,0,Partner,Card,Sevilla,no
T00113,2023-06-13,C0104,P0088,5,692.15,15,Store,Cash,Bilbao,no
T00114,2023-08-13,C0246,P0018,8,158.27,15,Partner,Cash,Sevilla,no
T00115,2024-04-27,C0194,P0069,4,763.29,15,Partner,Card,Bilbao,no
T00116,2024-06-24,C0181,P0047,2,917.74,0,Online,Transfer,Bilbao,no
T00117,2023-06-03,C0043,P0042,8,121.54,0,Partner,Wallet,Madrid,no
T00118,2024-04-01,C0208,P0008,8,137.15,5,Store,Card,Bilbao,no
T00119,2024-11-19,C0207,P0040,1,399.57,20,Online,Transfer,Bilbao,yes
T00120,2023-02-16,C0109,P0045,2,543.92,0,Online,Wallet,Madrid,no
T00121,2024-02-23,C0047,P0099,3,767.23,15,Partner,Wallet,Valencia,no
T00122,2024-04-04,C0223,P0118,7,379.39,15,Partner,Transfer,Málaga,no
T00123,2023-05-02,C0046,P0069,7,531.67,15,Online,Card,Zaragoza,yes
T00124,2023-11-02,C0119,P0087,7,534.74,20,Online,Transfer,Sevilla,no
T00125,2023-06-08,C0071,P0025,2,38.02,15,Store,Card,Barcelona,no
T00126,2023-03-10,C0026,P0077,1,449.76,15,Partner,Card,Barcelona,yes
T00127,2024-02-16,C0113,P0030,4,755.86,20,Online,Transfer,Bilbao,no
T00128,2023-08-28,C0209,P0118,6,580.01,20,Partner,Cash,Barcelona,no
T00129,2023-05-27,C0170,P0067,4,417.08,0,Online,Transfer,Málaga,no
T00130,2024-07-23,C0127,P0007,6,941.94,15,Store,Cash,Málaga,no
T00131,2024-02-23,C0039,P0039,7,188.78,10,Store,Transfer,Zaragoza,no
T00132,2023-11-04,C0220,P0091,3,806.94,0,Partner,Wallet,Sevilla,no
T00133,2024-06-26,C0035,P0050,4,259.47,0,Partner,Card,Sevilla,no
T00134,2023-04-05,C0138,P0093,4,57.23,5,Partner,Card,Zaragoza,yes
T00135,2023-07-12,C0206,P0098,4,482.52,20,Store,Cash,Madrid,no
T00136,2023-07-14,C0247,P0095,2,748.4,20,Store,Transfer,Málaga,no
T00137,2023-07-29,C0102,P0118,4,554.77,20,Store,Wallet,Sevilla,no
T00138,2024-10-26,C0092,P0040,5,363.49,5,Store,Card,Zaragoza,no
T00139,2023-11-24,C0235,P0027,6,317.04,0,Partner,Transfer,Málaga,no
T00140,2023-01-17,C0067,P0071,7,299.42,0,Store,Transfer,Sevilla,no
T00141,2023-09-09,C0128,P0071,6,261.78,20,Store,Wallet,Sevilla,no
T00142,2023-12-27,C0044,P0018,8,188.94,10,Partner,Card,Bilbao,yes
T00143,2023-03-18,C0242,P0105,1,765.75,5,Online,Transfer,Madrid,no
T00144,2023-01-10,C0056,P0065,8,376.96,10,Partner,Wallet,Málaga,no
T00145,2023-01-17,C0002,P0069,7,17.78,10,Partner,Cash,Bilbao,no
T00146,2023-01-18,C0129,P0105,7,807.33,0,Online,Card,Bilbao,no
T00147,2023-09-04,C0050,P0080,5,816.32,0,Store,Card,Valencia,no
T00148,2024-04-15,C0145,P0032,4,304.17,20,Online,Card,Madrid,no
T00149,2024-01-24,C0097,P0071,8,61.78,0,Partner,Transfer,Madrid,no
T00150,2024-03-20,C0166,P0101,6,568.46,20,Online,Card,Barcelona,no
T00151,2024-08-03,C0122,P0035,1,924.61,15,Store,Card,Barcelona,no
T00152,2023-01-17,C0247,P0027,3,753.74,15,Store,Card,Valencia,no
T00153,2024-07-31,C0062,P0073,7,678.97,10,Store,Wallet,Zaragoza,no
T00154,2023-03-22,C0129,P0096,6,59.37,5,Online,Card,Valencia,no
T00155,2024-09-20,C0245,P0077,7,969.11,0,Online,Cash,Zaragoza,no
T00156,2024-05-17,C0059,P0046,7,435.26,15,Partner,Wallet,Madrid,no
T00157,2023-10-30,C0205,P0032,2,87.55,0,Store,Transfer,Málaga,no
T00158,2023-11-21,C0093,P0014,2,11.16,0,Store,Cash,Zaragoza,no
T00159,2023-04-15,C0034,P0012,3,434.39,10,Partner,Wallet,Madrid,yes
T00160,2023-04-02,C0091,P0071,2,599.34,20,Store,Wallet,Madrid,no
T00161,2024-02-28,C0100,P0100,2,726.49,10,Online,Transfer,Málaga,no
T00162,2023-06-23,C0036,P0035,5,272.8,0,Online,Transfer,Sevilla,no
T00163,2024-03-07,C0077,P0062,2,364.96,0,Partner,Wallet,Bilbao,no
T00164,2023-07-20,C0118,P0014,3,308.83,5,Store,Wallet,Zaragoza,no
T00165,2024-03-26,C0086,P0056,3,304.63,10,Partner,Transfer,Sevilla,no
T00166,2023-07-01,C0247,P0051,6,295.7,15,Partner,Wallet,Bilbao,no
T00167,2023-11-30,C0097,P0036,7,368.83,10,Online,Transfer,Málaga,no
T00168,2023-01-28,C0244,P0094,8,943.32,0,Store,Cash,Zaragoza,yes
T00169,2024-02-23,C0173,P0064,3,635.54,0,Store,Transfer,Málaga,no
T00170,2024-01-22,C0019,P0058,8,584.75,10,Partner,Wallet,Bilbao,yes
T00171,2024-01-04,C0180,P0115,2,114.71,0,Partner,Cash,Barcelona,no
T00172,2023-02-15,C0145,P0083,7,967.01,0,Store,Card,Madrid,yes
T00173,2023-09-22,C0057,P0066,4,449.1,5,Store,Transfer,Valencia,yes
T00174,2024-05-09,C0027,P0038,7,921.02,0,Online,Transfer,Valencia,no
T00175,2023-12-18,C0117,P0101,4,523.99,0,Store,Card,Sevilla,no
T00176,2023-11-23,C0018,P0039,1,811.32,0,Online,Cash,Málaga,yes
T00177,2024-11-24,C0205,P0022,4,518.9,10,Online,Cash,Bilbao,no
T00178,2024-04-18,C0060,P0103,7,631.98,0,Partner,Wallet,Sevilla,yes
T00179,2024-09-20,C0227,P0026,8,594.65,5,Online,Transfer,Barcelona,no
T00180,2023-03-06,C0148,P0014,3,369.6,0,Store,Card,Valencia,no
T00181,2024-06-24,C0248,P0082,6,599.39,10,Store,Card,Valencia,no
T00182,2024-04-13,C0159,P0023,5,919.17,10,Online,Transfer,Valencia,yes
T00183,2023-09-02,C0079,P0015,3,377.07,0,Partner,Wallet,Sevilla,no
T00184,2023-05-22,C0148,P0050,7,190.64,15,Partner,Transfer,Bilbao,no
T00185,2024-05-16,C0074,P0018,3,318.69,5,Partner,Card,Zaragoza,no
T00186,2023-01-10,C0125,P0018,4,816.32,10,Partner,Wallet,Sevilla,no
T00187,2024-03-01,C0182,P0108,8,491.77,0,Partner,Card,Zaragoza,no
T00188,2023-10-27,C0009,P0036,4,540.38,0,Store,Wallet,Bilbao,no
T00189,2023-04-26,C0147,P0015,5,776.46,20,Store,Card,Zaragoza,no
T00190,2024-07-13,C0056,P0055,2,737.57,15,Online,Cash,Zaragoza,yes
T00191,2024-04-05,C0068,P0045,2,442.44,0,Online,Transfer,Zaragoza,no
T00192,2023-12-26,C0221,P0091,7,170.99,0,Online,Transfer,Zaragoza,yes
T00193,2024-08-06,C0090,P0069,5,599.28,0,Store,Cash,Valencia,no
T00194,2023-10-01,C0244,P0110,2,140.78,20,Store,Card,Valencia,no
T00195,2023-05-16,C0064,P0019,6,829.51,20,Partner,Wallet,Sevilla,no
T00196,2024-08-14,C0162,P0035,7,378.92,0,Partner,Card,Sevilla,no
T00197,2023-10-12,C0178,P0120,6,457.97,5,Store,Card,Zaragoza,yes
T00198,2024-04-14,C0163,P0086,6,851.01,20,Partner,Wallet,Barcelona,no
T00199,2023-08-05,C0127,P0035,6,829.37,0,Partner,Transfer,Bilbao,no
T00200,2023-12-18,C0229,P0088,1,51.67,15,Store,Card,Madrid,no
T00201,2024-03-27,C0117,P0001,7,207.1,15,Online,Cash,Barcelona,no
T00202,2023-04-06,C0168,P0047,5,87.93,15,Partner,Transfer,Madrid,no
T00203,2024-10-02,C0079,P0093,4,432.66,0,Partner,Card,Madrid,no
T00204,2024-05-03,C0020,P0017,4,522.33,5,Online,Card,Málaga,no
T00205,2023-05-04,C0221,P0055,3,480.83,0,Store,Card,Málaga,yes
T00206,2023-04-16,C0081,P0048,5,142.31,20,Online,Transfer,Madrid,no
T00207,2024-07-30,C0003,P0079,3,443.46,15,Online,Transfer,Sevilla,no
T00208,2024-03-29,C0221,P0028,2,897.21,0,Online,Wallet,Valencia,no
T00209,2023-11-19,C0203,P0018,4,281.31,0,Online,Cash,Zaragoza,yes
T00210,2024-11-05,C0225,P0039,4,520.64,10,Online,Wallet,Valencia,yes
T00211,2023-09-03,C0127,P0050,2,245.64,15,Partner,Card,Bilbao,yes
T00212,2024-01-05,C0240,P0041,3,390.52,20,Partner,Wallet,Valencia,no
T00213,2024-11-30,C0045,P0098,8,954.73,20,Online,Card,Bilbao,yes
T00214,2023-01-15,C0068,P0028,1,923.04,20,Store,Cash,Málaga,no
T00215,2024-03-01,C0109,P0090,7,87.93,10,Partner,Transfer,Valencia,yes
T00216,2023-11-14,C0021,P0066,4,974.47,0,Partner,Cash,Sevilla,no
T00217,2024-10-11,C0196,P0107,2,314.31,5,Partner,Transfer,Madrid,no
T00218,2023-03-30,C0237,P0056,2,456.65,10,Online,Cash,Málaga,no
T00219,2023-05-03,C0004,P0091,3,703.29,0,Store,Cash,Bilbao,no
T00220,2023-09-23,C0043,P0048,3,751.28,20,Store,Card,Zaragoza,yes
T00221,2023-12-10,C0207,P0055,5,526.71,0,Partner,Card,Sevilla,no
T00222,2024-06-07,C0093,P0008,8,860.2,0,Store,Transfer,Valencia,yes
T00223,2024-08-10,C0173,P0093,2,233.03,10,Online,Card,Zaragoza,yes
T00224,2023-09-08,C0012,P0061,6,386.68,0,Online,Card,Bilbao,no
T00225,2023-08-18,C0083,P0032,7,916.36,0,Store,Card,Bilbao,no
T00226,2023-05-03,C0129,P0087,1,184.27,20,Partner,Card,Sevilla,yes
T00227,2024-04-21,C0222,P0037,5,331.34,10,Store,Card,Valencia,no
T00228,2023-10-26,C0145,P0101,5,741.14,0,Store,Cash,Bilbao,no
T00229,2023-07-20,C0188,P0116,4,155.66,5,Online,Transfer,Bilbao,no
T00230,2024-10-13,C0215,P0089,1,951.28,0,Partner,Wallet,Zaragoza,no
T00231,2023-04-17,C0053,P0068,4,423.3,0,Online,Cash,Madrid,yes
T00232,2023-08-26,C0230,P0109,7,702.64,0,Store,Card,Bilbao,yes
T00233,2024-06-01,C0035,P0082,7,80.38,10,Online,Wallet,Málaga,no
T00234,2023-08-31,C0075,P0034,6,926.49,5,Partner,Cash,Valencia,no
T00235,2023-10-06,C0060,P0010,4,141.3,20,Partner,Card,Barcelona,yes
T00236,2023-06-18,C0116,P0060,6,410.07,10,Store,Transfer,Sevilla,no
T00237,2024-04-19,C0068,P0110,2,95.88,20,Partner,Cash,Zaragoza,no
T00238,2023-02-11,C0056,P0107,6,153.43,15,Online,Cash,Sevilla,no
T00239,2023-02-20,C0174,P0039,5,821.17,0,Online,Wallet,Zaragoza,no
T00240,2024-07-23,C0192,P0071,4,100.16,0,Online,Card,Madrid,yes
T00241,2023-08-16,C0034,P0026,7,376.01,15,Partner,Card,Bilbao,no
T00242,2023-09-23,C0235,P0105,2,27.67,0,Online,Wallet,Zaragoza,no
T00243,2023-04-05,C0232,P0109,6,127.79,5,Online,Transfer,Bilbao,no
T00244,2024-02-09,C0128,P0004,7,685.11,0,Store,Transfer,Barcelona,no
T00245,2023-10-14,C0115,P0114,3,40.44,10,Partner,Transfer,Málaga,no
T00246,2024-05-25,C0106,P0113,8,66.61,0,Store,Transfer,Sevilla,no
T00247,2024-10-20,C0227,P0103,4,632.97,20,Partner,Card,Sevilla,no
T00248,2024-05-06,C0140,P0101,8,347.97,10,Partner,Cash,Sevilla,no
T00249,2023-07-04,C0007,P0041,4,35.13,20,Store,Card,Zaragoza,no
T00250,2024-06-26,C0092,P0099,4,974.14,0,Online,Transfer,Valencia,no
T00251,2023-02-27,C0196,P0029,7,358.68,20,Online,Transfer,Barcelona,no
T00252,2023-11-22,C0207,P0095,6,914.5,0,Partner,Cash,Bilbao,no
T00253,2023-05-26,C0145,P0025,8,544.87,0,Store,Card,Madrid,yes
T00254,2023-08-27,C0155,P0029,1,529.29,0,Store,Transfer,Zaragoza,no
T00255,2023-12-15,C0184,P0023,6,65.2,0,Partner,Transfer,Zaragoza,yes
T00256,2024-06-22,C0221,P0047,2,377.35,15,Store,Card,Valencia,no
T00257,2023-11-27,C0035,P0021,7,793.09,5,Partner,Cash,Barcelona,no
T00258,2024-09-20,C0202,P0046,4,667.54,20,Online,Wallet,Valencia,no
T00259,2023-05-11,C0046,P0094,1,949.1,10,Store,Card,Barcelona,no
T00260,2023-11-22,C0236,P0104,4,641.81,0,Store,Transfer,Valencia,yes
T00261,2023-09-01,C0089,P0041,3,638.37,0,Partner,Cash,Sevilla,yes
T00262,2023-09-29,C0054,P0032,2,354.38,20,Online,Card,Madrid,no
T00263,2024-03-24,C0188,P0054,3,885.24,5,Store,Cash,Bilbao,no
T00264,2023-04-14,C0213,P0062,4,167.68,0,Online,Cash,Madrid,no
T00265,2023-09-25,C0244,P0014,2,345.76,5,Online,Card,Bilbao,yes
T00266,2023-12-13,C0153,P0079,8,706.28,5,Partner,Transfer,Bilbao,no
T00267,2023-06-10,C0014,P0013,6,210.32,0,Store,Cash,Málaga,no
T00268,2023-11-01,C0061,P0013,1,396.54,10,Store,Transfer,Madrid,no
T00269,2023-01-04,C0110,P0012,5,824.95,15,Partner,Wallet,Barcelona,yes
T00270,2023-01-27,C0053,P0022,5,977.2,5,Online,Cash,Zaragoza,no
T00271,2024-04-27,C0126,P0115,5,96.59,10,Store,Transfer,Valencia,no
T00272,2024-01-14,C0048,P0058,1,267.72,5,Store,Transfer,Zaragoza,no
T00273,2024-07-31,C0016,P0020,2,91.19,0,Partner,Wallet,Zaragoza,no
T00274,2023-08-21,C0142,P0008,7,819.49,5,Partner,Wallet,Bilbao,no
T00275,2024-05-02,C0077,P0011,7,903.36,15,Online,Transfer,Madrid,no
T00276,2023-06-27,C0243,P0022,4,809.61,0,Online,Wallet,Madrid,no
T00277,2023-07-26,C0211,P0081,3,835.1,0,Store,Card,Madrid,no
T00278,2024-07-23,C0102,P0071,6,857.48,10,Store,Card,Zaragoza,no
T00279,2024-08-24,C0134,P0101,7,117.84,0,Online,Card,Madrid,no
T00280,2023-04-14,C0202,P0037,6,878.63,0,Store,Wallet,Bilbao,no
T00281,2024-04-29,C0010,P0023,5,406.56,10,Partner,Wallet,Madrid,no
T00282,2023-12-06,C0177,P0031,1,747.28,0,Store,Card,Valencia,no
T00283,2023-11-15,C0072,P0108,8,859.09,15,Online,Transfer,Barcelona,no
T00284,2024-03-29,C0199,P0106,6,273.8,5,Partner,Card,Barcelona,no
T00285,2023-08-05,C0234,P0106,7,742.5,20,Partner,Cash,Zaragoza,yes
T00286,2024-06-11,C0203,P0021,2,315.26,10,Store,Transfer,Zaragoza,no
T00287,2024-08-05,C0008,P0023,4,875.93,0,Online,Transfer,Madrid,no
T00288,2023-02-21,C0236,P0047,4,278.33,20,Store,Wallet,Málaga,yes
T00289,2024-11-28,C0008,P0031,6,491.85,5,Online,Wallet,Bilbao,no
T00290,2023-12-25,C0089,P0021,5,750.47,15,Online,Cash,Madrid,no
T00291,2023-02-20,C0042,P0110,4,857.97,15,Online,Transfer,Valencia,no
T00292,2024-06-09,C0006,P0111,1,477.25,0,Partner,Transfer,Bilbao,yes
T00293,2023-08-18,C0065,P0078,5,714.46,15,Partner,Cash,Sevilla,no
T00294,2023-12-24,C0118,P0033,4,469.9,15,Partner,Wallet,Bilbao,yes
T00295,2023-01-08,C0131,P0085,6,564.09,10,Partner,Cash,Valencia,yes
T00296,2024-05-08,C0017,P0044,5,642.75,20,Store,Cash,Málaga,no
T00297,2023-07-12,C0039,P0067,4,900.29,20,Partner,Wallet,Málaga,no
T00298,2024-11-28,C0036,P0093,1,657.47,0,Store,Wallet,Sevilla,no
T00299,2023-02-06,C0150,P0091,4,347.11,15,Online,Wallet,Málaga,no
T00300,2024-06-03,C0077,P0109,3,841.59,10,Online,Cash,Madrid,no
T00301,2023-05-12,C0190,P0034,3,947.24,0,Partner,Card,Barcelona,no
T00302,2023-08-17,C0191,P0112,5,423.95,0,Store,Cash,Bilbao,no
T00303,2024-04-19,C0218,P0016,8,59.35,15,Partner,Card,Sevilla,no
T00304,2024-05-27,C0031,P0112,7,532.66,5,Online,Transfer,Barcelona,no
T00305,2023-12-17,C0105,P0073,8,148.36,20,Partner,Transfer,Zaragoza,yes
T00306,2024-05-14,C0086,P0081,3,317.53,0,Online,Wallet,Valencia,no
T00307,2023-06-22,C0148,P0098,3,492.64,20,Online,Transfer,Bilbao,no
T00308,2024-10-10,C0110,P0052,7,965.54,5,Online,Card,Bilbao,no
T00309,2024-01-18,C0244,P0002,6,758.31,10,Online,Card,Málaga,yes
T00310,2024-10-03,C0188,P0032,4,695.36,0,Store,Transfer,Madrid,no
T00311,2024-05-30,C0151,P0040,3,70.9,0,Store,Cash,Sevilla,no
T00312,2024-09-02,C0135,P0044,7,888.65,0,Store,Wallet,Valencia,no
T00313,2023-06-18,C0243,P0117,7,25.01,0,Partner,Transfer,Barcelona,yes
T00314,2024-08-26,C0130,P0022,2,370.39,15,Online,Wallet,Málaga,no
T00315,2024-07-01,C0160,P0007,1,664.0,15,Online,Card,Málaga,yes
T00316,2024-03-02,C0114,P0049,2,550.0,5,Partner,Transfer,Barcelona,yes
T00317,2023-11-05,C0108,P0085,2,664.51,0,Partner,Transfer,Sevilla,yes
T00318,2024-06-07,C0185,P0080,2,287.01,20,Online,Wallet,Barcelona,no
T00319,2023-07-24,C0200,P0034,4,361.77,5,Store,Transfer,Madrid,no
T00320,2024-05-23,C0234,P0027,8,334.62,0,Online,Card,Madrid,no
T00321,2024-11-16,C0127,P0020,2,780.85,0,Partner,Card,Valencia,no
T00322,2024-04-12,C0076,P0034,8,55.78,20,Online,Card,Zaragoza,no
T00323,2024-01-04,C0206,P0087,6,429.44,0,Online,Card,Madrid,no
T00324,2024-11-10,C0166,P0022,6,361.38,5,Partner,Cash,Málaga,yes
T00325,2024-01-17,C0209,P0044,3,119.15,5,Store,Cash,Zaragoza,no
T00326,2024-05-04,C0205,P0054,3,118.38,15,Partner,Card,Zaragoza,no
T00327,2023-04-17,C0107,P0117,8,803.45,15,Store,Transfer,Bilbao,no
T00328,2024-01-03,C0157,P0004,3,486.18,5,Online,Wallet,Sevilla,yes
T00329,2023-03-06,C0067,P0084,6,18.29,20,Partner,Transfer,Málaga,no
T00330,2024-06-15,C0134,P0089,2,436.25,15,Online,Wallet,Valencia,no
T00331,2023-06-02,C0215,P0106,1,17.57,0,Partner,Wallet,Zaragoza,no
T00332,2023-06-19,C0020,P0097,8,324.71,0,Store,Card,Bilbao,no
T00333,2024-07-17,C0165,P0049,7,818.2,0,Store,Wallet,Zaragoza,no
T00334,2024-04-03,C0023,P0110,8,450.39,0,Store,Card,Madrid,no
T00335,2024-02-27,C0010,P0072,1,826.95,20,Partner,Cash,Bilbao,no
T00336,2023-07-31,C0168,P0086,8,950.65,0,Online,Transfer,Zaragoza,no
T00337,2023-12-06,C0144,P0099,8,718.36,0,Partner,Wallet,Madrid,yes
T00338,2024-11-05,C0057,P0001,6,359.01,15,Store,Cash,Málaga,yes
T00339,2023-02-16,C0230,P0022,8,145.61,15,Partner,Wallet,Madrid,no
T00340,2024-09-17,C0051,P0025,2,930.63,5,Online,Wallet,Zaragoza,no
T00341,2023-12-13,C0028,P0097,7,52.22,15,Partner,Card,Zaragoza,no
T00342,2024-04-13,C0169,P0076,3,964.07,0,Partner,Card,Bilbao,no
T00343,2024-08-22,C0124,P0119,3,693.67,0,Partner,Transfer,Madrid,no
T00344,2024-11-04,C0154,P0078,6,507.09,5,Store,Transfer,Valencia,no
T00345,2023-12-18,C0249,P0038,8,805.97,0,Store,Cash,Zaragoza,no
T00346,2023-11-18,C0183,P0095,4,205.68,10,Partner,Cash,Málaga,no
T00347,2024-11-19,C0034,P0091,3,506.87,15,Partner,Cash,Málaga,yes
T00348,2023-12-27,C0144,P0062,7,676.2,20,Partner,Cash,Zaragoza,no
T00349,2023-01-14,C0134,P0014,1,384.59,0,Partner,Card,Barcelona,no
T00350,2023-06-14,C0074,P0088,5,151.55,0,Partner,Cash,Barcelona,no
T00351,2023-02-03,C0092,P0105,8,107.87,20,Partner,Transfer,Málaga,no
T00352,2024-02-03,C0061,P0066,5,694.78,0,Store,Wallet,Sevilla,no
T00353,2024-07-19,C0014,P0002,5,207.87,20,Store,Transfer,Málaga,no
T00354,2024-08-25,C0140,P0095,4,777.49,0,Store,Wallet,Barcelona,yes
T00355,2023-07-11,C0247,P0023,2,380.94,5,Store,Cash,Barcelona,no
T00356,2024-08-21,C0217,P0033,1,334.58,15,Online,Card,Barcelona,no
T00357,2024-09-03,C0014,P0100,5,493.61,10,Partner,Cash,Madrid,no
T00358,2024-06-22,C0057,P0024,2,787.54,0,Store,Wallet,Madrid,no
T00359,2023-08-15,C0227,P0028,6,335.08,0,Online,Wallet,Bilbao,yes
T00360,2023-04-28,C0172,P0045,8,244.91,15,Partner,Transfer,Madrid,no
T00361,2024-01-26,C0235,P0102,2,389.56,10,Partner,Cash,Madrid,no
T00362,2024-01-19,C0132,P0103,8,489.88,0,Partner,Transfer,Valencia,no
T00363,2023-03-26,C0243,P0013,3,971.8,20,Partner,Card,Málaga,yes
T00364,2023-08-04,C0172,P0081,4,865.76,5,Online,Transfer,Bilbao,no
T00365,2024-10-24,C0210,P0010,3,29.61,15,Store,Card,Madrid,yes
T00366,2023-02-25,C0046,P0102,5,560.74,10,Online,Cash,Sevilla,no
T00367,2024-04-06,C0162,P0052,7,320.51,5,Partner,Card,Bilbao,yes
T00368,2024-10-18,C0185,P0080,2,757.42,10,Online,Card,Valencia,no
T00369,2023-04-19,C0075,P0101,5,608.93,0,Store,Wallet,Sevilla,yes
T00370,2024-04-30,C0041,P0069,4,141.56,5,Partner,Cash,Málaga,no
T00371,2023-11-02,C0174,P0114,6,957.65,0,Partner,Transfer,Madrid,yes
T00372,2023-01-06,C0147,P0077,7,539.93,0,Store,Transfer,Málaga,no
T00373,2023-08-05,C0106,P0116,3,165.99,0,Partner,Cash,Barcelona,yes
T00374,2023-07-05,C0172,P0103,1,852.28,10,Store,Card,Valencia,yes
T00375,2023-09-14,C0026,P0026,8,951.83,0,Online,Transfer,Madrid,no
T00376,2024-09-26,C0018,P0116,4,321.88,5,Store,Cash,Málaga,no
T00377,2023-06-06,C0145,P0073,6,808.85,5,Online,Card,Valencia,no
T00378,2023-08-15,C0183,P0095,7,281.02,0,Online,Cash,Sevilla,no
T00379,2024-04-01,C0092,P0100,5,490.05,0,Online,Card,Zaragoza,no
T00380,2023-05-24,C0229,P0069,4,267.66,15,Online,Card,Madrid,no
T00381,2024-10-08,C0008,P0105,7,770.59,0,Online,Cash,Bilbao,no
T00382,2024-04-28,C0168,P0100,3,369.62,0,Partner,Cash,Barcelona,no
T00383,2024-05-28,C0131,P0012,7,367.68,0,Partner,Transfer,Zaragoza,no
T00384,2024-12-01,C0043,P0097,3,449.54,0,Partner,Transfer,Málaga,no
T00385,2024-01-03,C0011,P0029,8,236.36,0,Store,Transfer,Madrid,no
T00386,2024-06-14,C0233,P0102,6,391.76,5,Online,Card,Málaga,no
T00387,2023-04-16,C0181,P0067,5,835.86,0,Partner,Transfer,Sevilla,no
T00388,2024-01-10,C0151,P0084,2,519.56,5,Online,Wallet,Valencia,no
T00389,2024-05-13,C0203,P0062,1,504.83,0,Store,Transfer,Barcelona,yes
T00390,2024-06-10,C0165,P0036,4,155.34,0,Store,Card,Málaga,no
T00391,2024-02-29,C0208,P0043,2,484.63,5,Store,Transfer,Bilbao,no
T00392,2024-10-24,C0214,P0053,1,248.21,0,Partner,Transfer,Barcelona,no
T00393,2023-02-10,C0229,P0074,3,61.58,0,Online,Wallet,Bilbao,no
T00394,2024-10-14,C0005,P0113,5,947.57,0,Store,Wallet,Zaragoza,no
T00395,2023-06-24,C0057,P0107,7,603.23,20,Partner,Transfer,Bilbao,no
T00396,2023-09-28,C0043,P0093,6,922.82,10,Partner,Card,Barcelona,no
T00397,2024-01-30,C0034,P0014,1,207.13,20,Partner,Wallet,Zaragoza,no
T00398,2024-09-12,C0025,P0023,8,902.2,10,Online,Card,Madrid,no
T00399,2024-11-06,C0034,P0116,1,897.59,20,Partner,Wallet,Bilbao,no
T00400,2024-01-15,C0224,P0006,7,234.11,20,Store,Wallet,Valencia,no
T00401,2024-08-12,C0026,P0055,3,258.99,20,Online,Card,Valencia,no
T00402,2024-07-10,C0105,P0033,4,11.44,15,Online,Card,Bilbao,yes
T00403,2024-01-20,C0168,P0027,6,412.39,0,Online,Wallet,Málaga,no
T00404,2023-09-17,C0067,P0110,7,567.28,10,Store,Wallet,Zaragoza,no
T00405,2024-02-28,C0142,P0101,8,183.65,10,Partner,Wallet,Valencia,no
T00406,2024-08-14,C0089,P0100,7,737.37,20,Partner,Card,Málaga,no
T00407,2024-04-02,C0201,P0090,3,105.68,10,Store,Cash,Zaragoza,no
T00408,2024-09-20,C0179,P0088,1,165.77,15,Online,Card,Zaragoza,no
T00409,2024-04-27,C0238,P0077,7,93.61,0,Online,Cash,Madrid,no
T00410,2023-02-08,C0186,P0050,7,616.28,10,Store,Card,Zaragoza,no
T00411,2024-10-17,C0127,P0057,1,206.5,15,Partner,Cash,Barcelona,yes
T00412,2024-09-05,C0131,P0067,4,617.5,15,Online,Cash,Barcelona,yes
T00413,2023-06-11,C0023,P0036,7,357.01,5,Store,Transfer,Bilbao,yes
T00414,2023-03-12,C0236,P0012,5,727.78,10,Partner,Cash,Valencia,no
T00415,2023-08-20,C0156,P0025,8,930.14,10,Online,Cash,Barcelona,no
T00416,2024-06-02,C0028,P0072,2,506.15,0,Online,Cash,Bilbao,no
T00417,2023-09-14,C0178,P0057,7,565.79,20,Online,Cash,Zaragoza,no
T00418,2024-11-28,C0118,P0115,1,485.08,0,Online,Wallet,Málaga,no
T00419,2024-11-24,C0180,P0030,6,415.95,0,Partner,Card,Málaga,no
T00420,2023-09-12,C0074,P0012,7,675.66,20,Store,Card,Bilbao,no
T00421,2024-05-02,C0081,P0046,4,894.95,0,Online,Transfer,Sevilla,no
T00422,2023-08-29,C0189,P0031,5,211.54,0,Online,Cash,Barcelona,yes
T00423,2023-05-03,C0236,P0011,8,616.14,20,Partner,Card,Zaragoza,no
T00424,2024-01-16,C0159,P0041,8,898.73,10,Store,Wallet,Barcelona,no
T00425,2023-10-14,C0102,P0029,3,59.82,20,Store,Wallet,Bilbao,yes
T00426,2024-05-29,C0089,P0051,3,460.45,0,Partner,Wallet,Valencia,yes
T00427,2023-01-13,C0173,P0027,7,583.52,0,Store,Cash,Barcelona,no
T00428,2023-09-27,C0061,P0035,8,958.78,0,Store,Transfer,Sevilla,no
T00429,2023-08-04,C0108,P0090,6,368.89,5,Store,Wallet,Barcelona,no
T00430,2023-05-15,C0148,P0088,4,815.31,15,Store,Transfer,Bilbao,no
T00431,2024-01-26,C0051,P0019,3,476.15,0,Online,Wallet,Sevilla,no
T00432,2024-10-07,C0133,P0069,6,786.62,0,Store,Card,Sevilla,yes
T00433,2023-06-17,C0016,P0028,5,479.68,15,Online,Wallet,Málaga,no
T00434,2023-09-24,C0093,P0047,5,348.08,5,Online,Cash,Zaragoza,no
T00435,2023-07-23,C0148,P0074,3,979.5,0,Store,Cash,Málaga,no
T00436,2024-05-14,C0199,P0095,8,890.29,5,Partner,Cash,Sevilla,no
T00437,2023-06-21,C0164,P0104,6,425.29,10,Partner,Wallet,Zaragoza,yes
T00438,2023-03-23,C0042,P0044,4,317.6,15,Store,Cash,Bilbao,no
T00439,2023-10-05,C0228,P0057,6,749.41,10,Store,Wallet,Barcelona,no
T00440,2023-01-24,C0033,P0094,4,664.05,15,Partner,Card,Barcelona,no
T00441,2024-02-11,C0027,P0013,2,937.17,5,Partner,Card,Madrid,no
T00442,2024-06-20,C0196,P0011,2,266.88,0,Online,Wallet,Valencia,no
T00443,2023-09-11,C0189,P0037,8,628.72,0,Partner,Transfer,Madrid,yes
T00444,2024-11-10,C0092,P0111,6,865.06,5,Partner,Cash,Bilbao,no
T00445,2023-05-19,C0249,P0090,3,593.29,5,Partner,Wallet,Bilbao,no
T00446,2023-11-14,C0233,P0045,8,542.43,20,Online,Wallet,Valencia,no
T00447,2024-02-27,C0067,P0020,5,16.49,10,Online,Cash,Valencia,no
T00448,2024-07-01,C0003,P0089,8,947.28,5,Store,Card,Zaragoza,no
T00449,2023-10-27,C0153,P0030,1,550.92,0,Store,Wallet,Sevilla,no
T00450,2023-06-17,C0184,P0095,7,829.46,0,Store,Card,Sevilla,no
T00451,2024-06-13,C0196,P0103,5,288.97,15,Partner,Cash,Sevilla,no
T00452,2023-03-12,C0047,P0018,5,115.69,5,Partner,Wallet,Valencia,no
T00453,2024-05-18,C0049,P0042,1,157.24,10,Online,Transfer,Madrid,no
T00454,2023-10-03,C0033,P0092,8,728.74,0,Online,Transfer,Madrid,no
T00455,2023-08-11,C0088,P0054,5,787.01,5,Store,Wallet,Málaga,yes
T00456,2023-12-05,C0021,P0108,3,61.7,20,Store,Card,Bilbao,no
T00457,2023-07-05,C0050,P0115,5,818.35,20,Online,Card,Zaragoza,no
T00458,2024-01-30,C0198,P0057,4,739.19,0,Online,Wallet,Málaga,yes
T00459,2024-06-17,C0171,P0027,8,392.79,0,Store,Transfer,Málaga,yes
T00460,2024-07-16,C0134,P0016,5,484.34,0,Online,Cash,Madrid,no
T00461,2023-04-26,C0061,P0082,7,328.57,0,Store,Card,Sevilla,no
T00462,2023-01-10,C0249,P0006,8,690.28,0,Store,Card,Barcelona,no
T00463,2024-05-26,C0024,P0088,6,931.26,20,Partner,Card,Madrid,no
T00464,2024-10-22,C0040,P0090,2,131.07,0,Store,Cash,Zaragoza,no
T00465,2023-07-17,C0006,P0089,7,362.02,0,Store,Card,Sevilla,no
T00466,2024-07-26,C0076,P0070,8,194.64,0,Partner,Cash,Valencia,no
T00467,2023-10-09,C0223,P0107,3,74.46,0,Store,Cash,Zaragoza,no
T00468,2024-07-08,C0094,P0059,1,777.26,10,Store,Transfer,Madrid,no
T00469,2024-01-08,C0199,P0080,4,324.77,0,Partner,Wallet,Barcelona,no
T00470,2024-11-30,C0128,P0099,3,615.36,0,Store,Cash,Madrid,yes
T00471,2024-06-19,C0169,P0009,1,836.18,0,Online,Card,Barcelona,yes
T00472,2024-05-12,C0050,P0013,1,573.59,20,Store,Wallet,Bilbao,no
T00473,2024-08-27,C0066,P0007,6,225.4,15,Online,Card,Barcelona,no
T00474,2023-03-23,C0120,P0103,1,364.76,15,Store,Cash,Zaragoza,yes
T00475,2024-09-23,C0069,P0068,1,735.89,20,Store,Card,Barcelona,no
T00476,2023-04-10,C0026,P0093,4,534.47,0,Online,Transfer,Bilbao,no
T00477,2024-07-25,C0192,P0072,7,747.63,20,Partner,Cash,Málaga,no
T00478,2024-11-12,C0110,P0114,2,171.81,0,Partner,Wallet,Bilbao,no
T00479,2024-11-04,C0041,P0069,8,933.92,0,Partner,Cash,Zaragoza,no
T00480,2024-02-27,C0196,P0082,7,827.2,0,Partner,Transfer,Bilbao,no
T00481,2023-08-08,C0097,P0099,5,363.85,5,Store,Wallet,Madrid,yes
T00482,2023-10-19,C0153,P0003,3,993.45,0,Online,Cash,Barcelona,no
T00483,2023-11-19,C0006,P0099,5,919.6,10,Partner,Transfer,Madrid,yes
T00484,2024-04-16,C0092,P0020,3,269.4,10,Online,Transfer,Valencia,no
T00485,2023-04-05,C0147,P0052,4,735.86,15,Store,Wallet,Barcelona,no
T00486,2024-08-13,C0210,P0117,2,597.66,0,Online,Wallet,Madrid,yes
T00487,2023-12-09,C0090,P0113,7,420.02,20,Online,Transfer,Málaga,no
T00488,2023-01-12,C0163,P0100,7,59.8,10,Online,Cash,Bilbao,no
T00489,2023-06-03,C0084,P0065,4,158.28,15,Partner,Wallet,Sevilla,no
T00490,2024-08-12,C0130,P0012,4,435.34,20,Store,Transfer,Barcelona,no
T00491,2023-03-26,C0122,P0074,1,550.86,0,Online,Wallet,Bilbao,no
T00492,2023-05-14,C0196,P0018,8,561.94,5,Store,Transfer,Bilbao,no
T00493,2024-06-20,C0064,P0032,2,270.66,5,Store,Card,Madrid,no
T00494,2024-03-09,C0094,P0045,4,324.81,10,Partner,Card,Zaragoza,no
T00495,2023-06-23,C0090,P0079,8,625.44,5,Online,Transfer,Barcelona,no
T00496,2023-06-09,C0194,P0094,2,117.7,0,Online,Transfer,Zaragoza,no
T00497,2023-01-15,C0088,P0089,2,309.29,5,Online,Cash,Barcelona,no
T00498,2023-08-05,C0053,P0070,5,551.51,10,Partner,Transfer,Málaga,yes
T00499,2024-01-21,C0150,P0116,1,259.92,0,Store,Transfer,Zaragoza,no
T00500,2023-10-05,C0014,P0060,1,72.2,15,Store,Cash,Zaragoza,yes
T00501,2023-01-20,C0075,P0112,7,235.78,5,Partner,Card,Valencia,no
T00502,2024-09-03,C0137,P0012,3,203.68,5,Partner,Card,Madrid,no
T00503,2024-06-26,C0079,P0043,8,397.04,0,Online,Cash,Málaga,no
T00504,2023-12-30,C0161,P0039,4,996.02,10,Store,Card,Málaga,no
T00505,2024-02-01,C0228,P0105,1,944.47,0,Online,Transfer,Valencia,no
T00506,2024-11-03,C0036,P0012,7,523.59,15,Partner,Transfer,Sevilla,no
T00507,2024-08-09,C0040,P0055,5,910.28,0,Store,Transfer,Barcelona,no
T00508,2024-08-17,C0139,P0088,4,863.41,0,Partner,Transfer,Sevilla,no
T00509,2024-11-02,C0239,P0073,3,321.59,10,Partner,Card,Barcelona,no
T00510,2023-05-30,C0187,P0004,6,880.85,5,Store,Cash,Sevilla,no
T00511,2023-06-05,C0200,P0025,2,136.76,0,Partner,Cash,Bilbao,no
T00512,2024-09-19,C0060,P0077,4,235.53,0,Store,Card,Málaga,no
T00513,2023-05-18,C0129,P0109,8,713.75,0,Online,Wallet,Sevilla,no
T00514,2023-05-21,C0042,P0025,4,38.04,20,Online,Cash,Sevilla,no
T00515,2024-11-18,C0052,P0097,4,71.74,5,Partner,Wallet,Málaga,no
T00516,2024-04-13,C0228,P0032,7,408.44,0,Partner,Wallet,Málaga,no
T00517,2024-02-08,C0157,P0096,1,523.53,5,Store,Card,Barcelona,no
T00518,2024-07-04,C0102,P0095,1,560.35,10,Partner,Card,Barcelona,no
T00519,2024-03-26,C0102,P0114,5,775.03,0,Store,Transfer,Sevilla,no
T00520,2024-09-19,C0236,P0007,3,466.8,15,Store,Card,Málaga,no
T00521,2023-04-26,C0047,P0100,3,396.71,0,Store,Card,Barcelona,no
T00522,2024-08-27,C0230,P0092,4,883.25,0,Store,Cash,Málaga,no
T00523,2023-05-07,C0024,P0015,8,636.27,0,Partner,Wallet,Málaga,no
T00524,2024-09-18,C0244,P0021,7,553.04,0,Online,Cash,Bilbao,no
T00525,2023-06-16,C0223,P0019,3,770.54,0,Store,Cash,Valencia,no
T00526,2023-10-23,C0161,P0024,2,899.15,0,Online,Cash,Madrid,no
T00527,2024-05-24,C0219,P0064,1,610.34,5,Online,Transfer,Bilbao,no
T00528,2024-04-09,C0105,P0057,2,603.61,0,Online,Cash,Bilbao,no
T00529,2023-08-01,C0013,P0024,3,60.73,0,Online,Transfer,Zaragoza,yes
T00530,2024-11-14,C0148,P0108,5,335.12,0,Online,Card,Sevilla,no
T00531,2023-06-15,C0173,P0037,3,966.5,15,Partner,Cash,Madrid,yes
T00532,2023-11-03,C0083,P0048,7,821.34,20,Store,Card,Valencia,no
T00533,2023-05-18,C0032,P0089,5,333.23,5,Partner,Transfer,Málaga,no
T00534,2024-09-18,C0015,P0014,2,486.76,15,Partner,Cash,Sevilla,no
T00535,2023-11-21,C0067,P0068,6,927.54,10,Partner,Wallet,Bilbao,no
T00536,2024-05-19,C0207,P0024,4,710.34,0,Online,Card,Madrid,no
T00537,2024-10-02,C0204,P0016,4,800.77,5,Store,Card,Valencia,no
T00538,2024-07-27,C0207,P0082,4,17.23,0,Partner,Cash,Valencia,yes
T00539,2023-11-12,C0077,P0065,6,768.43,0,Partner,Cash,Valencia,no
T00540,2024-08-05,C0158,P0004,3,198.85,20,Store,Wallet,Sevilla,yes
T00541,2024-10-23,C0035,P0062,3,629.44,20,Partner,Cash,Sevilla,no
T00542,2023-02-27,C0214,P0067,5,567.55,15,Store,Card,Barcelona,no
T00543,2023-12-06,C0205,P0118,6,71.82,0,Store,Card,Valencia,no
T00544,2024-10-03,C0137,P0108,3,573.56,5,Online,Card,Zaragoza,no
T00545,2023-11-19,C0182,P0005,5,417.39,5,Online,Cash,Sevilla,no
T00546,2023-08-10,C0135,P0039,3,117.56,20,Online,Transfer,Madrid,no
T00547,2024-06-02,C0007,P0103,8,905.53,0,Online,Cash,Sevilla,no
T00548,2023-11-14,C0199,P0042,3,770.86,0,Partner,Transfer,Barcelona,yes
T00549,2024-04-15,C0100,P0092,2,10.09,0,Partner,Card,Valencia,no
T00550,2023-02-17,C0027,P0067,5,28.35,20,Store,Transfer,Valencia,no
T00551,2023-07-17,C0074,P0036,6,774.15,15,Online,Cash,Barcelona,no
T00552,2023-10-08,C0030,P0002,2,211.34,0,Partner,Cash,Valencia,no
T00553,2023-10-18,C0147,P0032,3,76.82,10,Store,Wallet,Madrid,no
T00554,2023-01-30,C0121,P0116,1,111.29,0,Online,Wallet,Sevilla,no
T00555,2024-09-02,C0229,P0076,8,618.62,0,Store,Transfer,Málaga,no
T00556,2023-03-22,C0250,P0119,8,570.38,0,Partner,Wallet,Madrid,no
T00557,2023-11-14,C0176,P0083,8,473.72,0,Online,Cash,Valencia,no
T00558,2023-07-07,C0180,P0118,6,790.05,0,Store,Wallet,Madrid,yes
T00559,2024-05-01,C0029,P0045,8,464.47,0,Store,Cash,Bilbao,no
T00560,2023-05-11,C0131,P0014,7,818.65,20,Online,Cash,Bilbao,yes
T00561,2023-11-06,C0137,P0060,7,592.99,0,Partner,Transfer,Bilbao,no
T00562,2024-05-08,C0099,P0009,6,212.99,15,Partner,Wallet,Zaragoza,no
T00563,2024-08-03,C0202,P0044,4,178.05,15,Online,Wallet,Madrid,no
T00564,2024-09-02,C0119,P0042,2,823.09,0,Store,Wallet,Madrid,no
T00565,2023-04-22,C0176,P0105,7,331.44,15,Partner,Card,Madrid,no
T00566,2023-05-23,C0228,P0075,1,758.54,15,Online,Wallet,Bilbao,no
T00567,2024-02-04,C0158,P0074,8,200.49,15,Store,Cash,Bilbao,no
T00568,2024-03-21,C0184,P0118,6,990.35,10,Online,Wallet,Zaragoza,no
T00569,2023-10-29,C0016,P0048,1,6.84,10,Store,Card,Zaragoza,no
T00570,2023-02-01,C0061,P0056,7,627.46,15,Store,Wallet,Sevilla,no
T00571,2024-07-12,C0055,P0085,3,478.02,0,Partner,Wallet,Zaragoza,no
T00572,2024-03-03,C0040,P0037,3,139.47,0,Partner,Card,Barcelona,no
T00573,2024-11-04,C0112,P0018,2,142.4,20,Store,Wallet,Zaragoza,no
T00574,2024-03-11,C0160,P0024,8,512.36,10,Store,Wallet,Valencia,no
T00575,2023-07-10,C0109,P0078,1,580.47,20,Partner,Transfer,Málaga,no
T00576,2023-10-03,C0106,P0119,6,39.26,0,Partner,Wallet,Málaga,no
T00577,2023-04-26,C0149,P0062,2,147.23,15,Partner,Cash,Sevilla,no
T00578,2023-03-22,C0134,P0114,2,249.76,15,Partner,Card,Málaga,no
T00579,2024-08-16,C0080,P0079,1,904.16,10,Online,Wallet,Sevilla,no
T00580,2024-04-25,C0147,P0094,6,424.49,20,Store,Cash,Barcelona,yes
T00581,2024-09-03,C0192,P0039,5,67.05,5,Partner,Transfer,Bilbao,yes
T00582,2024-11-03,C0075,P0104,1,291.09,0,Online,Card,Zaragoza,no
T00583,2023-09-16,C0034,P0079,5,279.57,0,Online,Card,Bilbao,no
T00584,2024-08-28,C0190,P0020,8,373.55,0,Store,Transfer,Sevilla,no
T00585,2024-06-24,C0221,P0005,6,984.17,0,Partner,Transfer,Zaragoza,no
T00586,2024-02-27,C0198,P0050,4,662.7,15,Partner,Transfer,Barcelona,no
T00587,2023-12-20,C0014,P0083,5,756.95,0,Online,Transfer,Sevilla,no
T00588,2024-05-02,C0078,P0061,4,383.52,15,Store,Wallet,Valencia,no
T00589,2024-06-27,C0223,P0056,1,293.06,20,Store,Wallet,Málaga,no
T00590,2024-06-26,C0175,P0006,2,918.21,15,Store,Wallet,Bilbao,no
T00591,2023-12-10,C0070,P0035,2,259.81,10,Store,Wallet,Zaragoza,no
T00592,2024-11-19,C0151,P0099,4,522.83,15,Partner,Transfer,Valencia,no
T00593,2023-01-11,C0173,P0002,2,17.89,0,Partner,Card,Málaga,no
T00594,2023-12-26,C0057,P0093,5,256.38,0,Online,Card,Madrid,no
T00595,2024-11-03,C0229,P0107,4,950.79,15,Online,Card,Madrid,no
T00596,2023-05-14,C0097,P0085,3,896.63,15,Online,Cash,Valencia,no
T00597,2024-11-07,C0240,P0010,8,923.16,0,Store,Cash,Valencia,no
T00598,2023-03-17,C0071,P0100,1,386.5,0,Online,Cash,Zaragoza,no
T00599,2023-07-02,C0113,P0009,8,979.55,0,Partner,Wallet,Barcelona,no
T00600,2023-04-22,C0037,P0070,7,223.08,15,Online,Wallet,Málaga,no
T00601,2023-04-16,C0009,P0010,2,573.92,0,Store,Card,Sevilla,no
T00602,2024-10-30,C0164,P0001,1,666.62,0,Online,Cash,Sevilla,no
T00603,2023-01-04,C0132,P0091,8,481.27,5,Partner,Card,Bilbao,no
T00604,2023-01-04,C0099,P0089,8,126.48,10,Store,Cash,Málaga,no
T00605,2024-02-15,C0015,P0081,2,369.16,20,Store,Card,Zaragoza,no
T00606,2023-10-24,C0166,P0026,3,557.15,5,Partner,Transfer,Valencia,no
T00607,2023-04-20,C0162,P0089,6,489.58,15,Store,Transfer,Barcelona,yes
T00608,2023-07-17,C0007,P0093,4,492.3,0,Partner,Cash,Sevilla,no
T00609,2024-04-05,C0248,P0003,1,343.25,0,Partner,Card,Sevilla,yes
T00610,2023-08-05,C0207,P0084,8,940.45,20,Partner,Transfer,Málaga,no
T00611,2023-08-27,C0237,P0010,1,737.05,5,Partner,Card,Sevilla,no
T00612,2023-02-16,C0063,P0090,3,20.28,15,Online,Cash,Zaragoza,yes
T00613,2024-04-12,C0157,P0022,2,818.89,0,Online,Wallet,Bilbao,no
T00614,2023-08-14,C0017,P0103,4,429.65,20,Partner,Wallet,Valencia,yes
T00615,2024-12-01,C0148,P0070,3,325.66,20,Online,Card,Bilbao,no
T00616,2023-12-10,C0017,P0016,5,146.39,5,Online,Cash,Bilbao,no
T00617,2024-03-25,C0063,P0119,1,138.57,20,Partner,Wallet,Zaragoza,no
T00618,2023-01-17,C0226,P0063,2,12.31,0,Online,Cash,Sevilla,no
T00619,2023-05-10,C0053,P0019,5,525.95,5,Online,Transfer,Bilbao,yes
T00620,2024-09-02,C0047,P0092,8,614.38,0,Partner,Cash,Valencia,no
T00621,2023-01-05,C0143,P0031,4,122.8,10,Online,Cash,Zaragoza,no
T00622,2024-06-03,C0057,P0060,4,280.77,0,Online,Transfer,Málaga,no
T00623,2024-05-24,C0046,P0021,1,59.7,0,Store,Transfer,Sevilla,no
T00624,2023-12-09,C0158,P0104,8,49.06,15,Online,Transfer,Barcelona,yes
T00625,2024-05-11,C0132,P0015,2,895.71,15,Store,Cash,Sevilla,no
T00626,2024-11-24,C0230,P0042,4,780.3,0,Online,Card,Barcelona,no
T00627,2023-07-24,C0097,P0115,4,79.09,10,Store,Card,Sevilla,no
T00628,2023-08-10,C0238,P0079,8,182.99,0,Online,Wallet,Málaga,no
T00629,2024-10-09,C0092,P0035,4,339.88,0,Partner,Card,Valencia,no
T00630,2023-04-24,C0219,P0060,8,421.71,20,Store,Transfer,Valencia,no
T00631,2023-06-10,C0203,P0102,3,580.65,10,Online,Card,Sevilla,no
T00632,2024-05-15,C0221,P0028,8,837.97,0,Online,Wallet,Málaga,no
T00633,2023-09-11,C0084,P0056,4,892.47,10,Online,Card,Sevilla,yes
T00634,2023-02-11,C0121,P0094,1,429.14,5,Store,Card,Sevilla,no
T00635,2023-09-04,C0022,P0072,1,695.0,5,Online,Transfer,Valencia,no
T00636,2023-09-02,C0166,P0012,1,482.9,0,Online,Wallet,Zaragoza,no
T00637,2024-08-20,C0007,P0059,8,773.2,20,Partner,Wallet,Barcelona,no
T00638,2024-10-03,C0119,P0091,1,861.22,0,Store,Cash,Bilbao,yes
T00639,2023-10-31,C0110,P0097,5,699.87,10,Partner,Transfer,Zaragoza,yes
T00640,2024-09-27,C0226,P0043,1,517.65,15,Store,Card,Madrid,no
T00641,2024-01-10,C0120,P0080,1,369.38,0,Partner,Card,Bilbao,no
T00642,2023-05-22,C0086,P0031,2,651.14,15,Partner,Transfer,Zaragoza,no
T00643,2023-11-25,C0091,P0115,5,506.54,5,Store,Card,Madrid,no
T00644,2023-12-20,C0116,P0063,2,473.34,10,Partner,Cash,Sevilla,no
T00645,2024-01-12,C0205,P0087,2,193.22,5,Online,Card,Sevilla,no
T00646,2023-10-23,C0246,P0010,2,169.78,0,Partner,Transfer,Sevilla,no
T00647,2023-07-29,C0134,P0081,1,297.41,15,Partner,Transfer,Sevilla,no
T00648,2024-03-06,C0114,P0095,1,295.77,0,Online,Transfer,Zaragoza,no
T00649,2024-10-22,C0086,P0053,6,657.83,20,Store,Wallet,Bilbao,no
T00650,2024-07-15,C0114,P0059,5,569.85,20,Store,Transfer,Zaragoza,no
T00651,2023-08-21,C0124,P0048,5,771.13,0,Online,Cash,Valencia,no
T00652,2023-06-20,C0159,P0119,3,713.54,0,Online,Transfer,Zaragoza,no
T00653,2023-06-15,C0061,P0015,1,993.81,10,Online,Wallet,Valencia,no
T00654,2023-07-08,C0053,P0072,1,667.56,0,Online,Cash,Sevilla,no
T00655,2023-06-16,C0137,P0039,2,920.91,5,Store,Transfer,Sevilla,no
T00656,2023-06-09,C0002,P0095,6,649.36,0,Store,Cash,Zaragoza,no
T00657,2024-11-13,C0038,P0103,8,342.65,0,Partner,Wallet,Madrid,no
T00658,2024-11-25,C0142,P0015,5,30.65,10,Online,Wallet,Valencia,yes
T00659,2023-12-01,C0015,P0078,4,585.93,0,Store,Transfer,Madrid,yes
T00660,2024-07-05,C0218,P0058,2,975.98,5,Online,Wallet,Valencia,no
T00661,2024-09-11,C0131,P0008,6,401.17,15,Store,Cash,Sevilla,no
T00662,2023-01-13,C0073,P0045,6,312.24,5,Partner,Card,Barcelona,no
T00663,2024-03-01,C0206,P0057,5,168.81,15,Store,Wallet,Barcelona,no
T00664,2024-09-04,C0023,P0019,4,307.41,20,Partner,Cash,Madrid,no
T00665,2024-01-20,C0023,P0001,7,640.97,0,Store,Transfer,Bilbao,no
T00666,2024-08-04,C0194,P0118,3,204.06,20,Store,Cash,Bilbao,no
T00667,2023-02-13,C0211,P0106,5,835.58,0,Store,Wallet,Barcelona,yes
T00668,2023-01-03,C0040,P0034,5,956.29,20,Partner,Wallet,Madrid,no
T00669,2024-03-03,C0046,P0063,4,34.27,20,Store,Wallet,Madrid,no
T00670,2024-01-06,C0149,P0062,7,869.14,15,Partner,Wallet,Málaga,yes
T00671,2024-01-18,C0132,P0094,1,846.21,0,Partner,Card,Barcelona,no
T00672,2024-04-17,C0225,P0089,3,361.24,0,Store,Cash,Sevilla,no
T00673,2023-02-19,C0075,P0038,2,516.78,20,Partner,Transfer,Zaragoza,yes
T00674,2024-09-05,C0193,P0022,6,873.21,20,Partner,Cash,Valencia,no
T00675,2023-04-09,C0137,P0075,6,824.37,0,Online,Cash,Valencia,no
T00676,2024-02-26,C0088,P0118,3,107.8,0,Partner,Transfer,Zaragoza,no
T00677,2024-07-26,C0158,P0089,2,420.84,0,Online,Transfer,Madrid,no
T00678,2023-12-23,C0080,P0089,6,144.18,5,Partner,Cash,Barcelona,no
T00679,2023-01-30,C0191,P0105,2,227.02,20,Partner,Transfer,Málaga,no
T00680,2023-11-11,C0033,P0027,3,981.22,5,Partner,Card,Madrid,yes
T00681,2024-05-10,C0194,P0056,1,201.17,0,Partner,Card,Sevilla,yes
T00682,2023-09-17,C0012,P0009,5,669.58,20,Online,Card,Bilbao,no
T00683,2024-08-24,C0231,P0026,3,672.58,0,Online,Transfer,Zaragoza,no
T00684,2024-08-16,C0090,P0046,3,856.01,20,Partner,Transfer,Bilbao,no
T00685,2023-03-11,C0026,P0105,1,531.67,15,Online,Cash,Barcelona,no
T00686,2023-01-05,C0250,P0093,2,924.69,10,Partner,Wallet,Valencia,no
T00687,2023-07-09,C0113,P0087,2,185.76,0,Store,Wallet,Barcelona,no
T00688,2023-08-22,C0105,P0015,6,128.87,0,Partner,Transfer,Sevilla,no
T00689,2023-10-23,C0143,P0093,1,87.75,5,Online,Wallet,Valencia,no
T00690,2024-09-06,C0189,P0040,8,230.52,5,Store,Wallet,Barcelona,yes
T00691,2024-05-02,C0241,P0087,6,184.22,15,Store,Card,Sevilla,no
T00692,2024-06-19,C0169,P0087,2,124.5,5,Store,Card,Málaga,no
T00693,2023-03-08,C0094,P0026,6,205.06,20,Store,Card,Barcelona,no
T00694,2024-05-26,C0072,P0098,5,757.77,20,Partner,Wallet,Valencia,no
T00695,2024-11-13,C0155,P0052,8,514.35,0,Store,Card,Madrid,no
T00696,2024-05-16,C0128,P0030,3,35.55,15,Online,Card,Sevilla,yes
T00697,2023-07-03,C0098,P0078,6,157.82,10,Partner,Card,Zaragoza,yes
T00698,2024-11-07,C0193,P0067,8,793.98,0,Store,Wallet,Sevilla,no
T00699,2023-09-25,C0139,P0044,1,952.87,0,Store,Card,Sevilla,no
T00700,2023-11-19,C0219,P0049,8,462.9,0,Online,Cash,Málaga,no
T00701,2024-05-18,C0111,P0018,5,717.43,5,Online,Wallet,Málaga,no
T00702,2024-07-06,C0147,P0061,8,564.88,0,Partner,Card,Sevilla,no
T00703,2024-05-21,C0152,P0049,6,767.87,0,Store,Card,Madrid,no
T00704,2023-02-16,C0033,P0108,6,352.78,15,Partner,Card,Zaragoza,no
T00705,2024-01-25,C0025,P0055,6,991.99,5,Store,Card,Málaga,no
T00706,2023-09-11,C0061,P0083,5,594.98,15,Online,Cash,Madrid,no
T00707,2023-06-23,C0006,P0069,6,43.15,15,Store,Wallet,Valencia,yes
T00708,2024-04-25,C0151,P0003,6,381.47,5,Store,Card,Zaragoza,no
T00709,2023-04-13,C0177,P0087,4,339.95,10,Partner,Cash,Barcelona,no
T00710,2023-11-03,C0094,P0056,4,499.97,20,Online,Transfer,Valencia,no
T00711,2023-02-18,C0077,P0074,7,805.78,10,Partner,Card,Málaga,no
T00712,2023-04-08,C0152,P0044,5,72.87,20,Partner,Wallet,Sevilla,no
T00713,2023-12-22,C0204,P0010,5,507.61,0,Store,Cash,Barcelona,no
T00714,2024-02-16,C0065,P0080,8,673.53,10,Online,Card,Málaga,no
T00715,2023-07-11,C0148,P0064,4,662.84,20,Partner,Wallet,Valencia,no
T00716,2024-09-21,C0219,P0099,7,935.03,15,Partner,Card,Bilbao,no
T00717,2024-01-09,C0119,P0019,4,155.57,15,Store,Wallet,Sevilla,no
T00718,2023-03-07,C0163,P0027,7,271.33,0,Partner,Transfer,Valencia,no
T00719,2023-08-30,C0104,P0031,2,155.06,0,Online,Cash,Sevilla,no
T00720,2024-07-27,C0112,P0055,1,206.78,0,Online,Card,Valencia,no
T00721,2024-11-05,C0141,P0023,1,964.0,5,Online,Card,Zaragoza,yes
T00722,2023-11-18,C0155,P0039,2,901.17,5,Store,Card,Sevilla,no
T00723,2023-08-30,C0029,P0074,2,524.83,20,Partner,Cash,Sevilla,yes
T00724,2023-09-01,C0154,P0016,6,333.31,10,Partner,Wallet,Zaragoza,no
T00725,2024-03-09,C0056,P0019,2,180.1,0,Store,Wallet,Valencia,no
T00726,2023-02-27,C0126,P0069,6,701.42,0,Store,Wallet,Sevilla,no
T00727,2023-10-12,C0226,P0101,3,366.82,15,Store,Cash,Madrid,no
T00728,2023-02-05,C0216,P0095,1,692.54,20,Partner,Transfer,Valencia,no
T00729,2024-01-29,C0080,P0082,6,903.74,15,Online,Transfer,Zaragoza,no
T00730,2024-02-02,C0003,P0117,7,927.94,0,Store,Card,Zaragoza,no
T00731,2023-11-01,C0054,P0111,3,916.4,15,Store,Wallet,Zaragoza,yes
T00732,2023-10-08,C0222,P0011,8,474.26,5,Store,Wallet,Zaragoza,yes
T00733,2023-06-14,C0179,P0034,2,355.75,10,Partner,Cash,Sevilla,yes
T00734,2023-02-23,C0165,P0083,3,632.38,20,Partner,Transfer,Madrid,no
T00735,2023-07-24,C0161,P0040,6,578.35,0,Online,Transfer,Bilbao,no
T00736,2024-08-31,C0176,P0053,6,454.78,20,Partner,Transfer,Valencia,no
T00737,2024-08-30,C0212,P0042,5,203.47,5,Store,Transfer,Sevilla,no
T00738,2024-08-07,C0058,P0003,1,923.57,15,Partner,Transfer,Madrid,no
T00739,2023-07-23,C0068,P0090,3,55.48,10,Store,Cash,Barcelona,yes
T00740,2024-01-12,C0044,P0073,2,20.03,10,Store,Wallet,Zaragoza,no
T00741,2023-05-02,C0058,P0092,4,195.4,20,Store,Cash,Málaga,no
T00742,2024-01-27,C0034,P0056,4,602.48,20,Store,Transfer,Sevilla,no
T00743,2024-02-23,C0203,P0019,1,294.45,0,Online,Wallet,Barcelona,no
T00744,2024-08-19,C0176,P0083,8,91.22,5,Online,Cash,Málaga,no
T00745,2023-08-06,C0183,P0050,7,737.69,0,Online,Card,Bilbao,yes
T00746,2023-02-23,C0086,P0120,4,474.11,0,Partner,Card,Madrid,no
T00747,2024-05-31,C0159,P0049,5,977.66,15,Store,Transfer,Bilbao,yes
T00748,2024-08-17,C0046,P0034,3,506.72,0,Store,Transfer,Madrid,no
T00749,2024-06-27,C0111,P0019,5,122.14,0,Online,Wallet,Zaragoza,no
T00750,2024-01-05,C0238,P0056,5,903.38,0,Partner,Cash,Bilbao,no
T00751,2024-03-22,C0229,P0022,6,738.45,5,Online,Wallet,Madrid,no
T00752,2023-06-02,C0014,P0030,3,41.65,0,Online,Wallet,Sevilla,yes
T00753,2024-05-21,C0011,P0057,6,988.89,10,Store,Wallet,Sevilla,yes
T00754,2023-06-01,C0032,P0045,2,208.51,0,Online,Transfer,Málaga,no
T00755,2023-10-07,C0145,P0115,4,586.05,0,Partner,Transfer,Sevilla,yes
T00756,2023-09-10,C0197,P0064,2,888.04,0,Store,Card,Sevilla,no
T00757,2024-08-27,C0238,P0014,6,158.85,0,Store,Wallet,Sevilla,no
T00758,2024-08-31,C0169,P0001,6,969.95,15,Partner,Wallet,Valencia,no
T00759,2023-05-13,C0055,P0111,1,802.75,0,Store,Card,Málaga,yes
T00760,2024-07-14,C0244,P0078,7,98.0,0,Online,Transfer,Zaragoza,no
T00761,2023-04-02,C0006,P0110,4,167.96,20,Store,Cash,Málaga,no
T00762,2023-05-04,C0077,P0063,7,737.47,0,Partner,Transfer,Valencia,yes
T00763,2024-01-12,C0132,P0026,8,448.77,5,Store,Cash,Bilbao,no
T00764,2024-03-09,C0024,P0097,7,812.13,10,Online,Wallet,Málaga,no
T00765,2023-04-06,C0011,P0066,6,973.43,15,Online,Transfer,Sevilla,no
T00766,2024-10-06,C0166,P0068,2,294.96,5,Online,Wallet,Valencia,no
T00767,2023-05-11,C0176,P0116,5,842.49,10,Store,Cash,Bilbao,yes
T00768,2024-07-18,C0020,P0118,1,516.33,10,Store,Wallet,Madrid,no
T00769,2024-11-07,C0185,P0073,5,359.32,10,Online,Card,Madrid,no
T00770,2023-07-03,C0202,P0024,7,50.99,5,Partner,Cash,Valencia,no
T00771,2024-04-10,C0194,P0086,8,626.07,0,Store,Transfer,Barcelona,no
T00772,2023-03-22,C0192,P0078,5,872.39,0,Store,Card,Madrid,no
T00773,2023-04-30,C0004,P0022,8,463.4,5,Partner,Wallet,Valencia,no
T00774,2024-09-23,C0093,P0089,7,805.81,0,Online,Transfer,Madrid,no
T00775,2023-04-25,C0209,P0003,4,859.86,0,Store,Transfer,Málaga,no
T00776,2024-03-22,C0216,P0081,4,91.58,20,Store,Transfer,Sevilla,no
T00777,2023-01-23,C0030,P0022,3,740.35,5,Store,Wallet,Madrid,no
T00778,2024-08-22,C0063,P0026,5,572.01,20,Store,Card,Valencia,yes
T00779,2023-04-16,C0162,P0109,7,979.61,20,Store,Cash,Madrid,no
T00780,2024-02-14,C0125,P0066,8,236.51,0,Partner,Card,Sevilla,no
T00781,2023-11-20,C0142,P0009,5,893.52,5,Store,Card,Sevilla,no
T00782,2024-10-23,C0089,P0058,7,26.68,0,Partner,Transfer,Sevilla,no
T00783,2024-03-24,C0060,P0065,4,590.13,15,Store,Wallet,Barcelona,no
T00784,2024-02-04,C0246,P0054,6,797.2,20,Online,Transfer,Valencia,yes
T00785,2024-11-14,C0124,P0017,3,204.29,10,Store,Card,Zaragoza,no
T00786,2024-05-20,C0078,P0031,4,559.49,0,Store,Cash,Valencia,no
T00787,2023-06-28,C0212,P0111,1,807.97,0,Store,Card,Bilbao,no
T00788,2023-05-04,C0144,P0029,8,262.28,0,Store,Card,Zaragoza,no
T00789,2023-10-01,C0230,P0020,2,708.17,5,Store,Card,Madrid,no
T00790,2024-09-16,C0201,P0110,2,824.67,0,Partner,Card,Barcelona,yes
T00791,2023-07-30,C0234,P0047,3,729.98,15,Store,Wallet,Málaga,yes
T00792,2023-06-07,C0166,P0047,6,820.25,0,Online,Wallet,Sevilla,yes
T00793,2023-09-09,C0214,P0104,8,345.27,10,Online,Card,Valencia,no
T00794,2024-02-29,C0093,P0081,4,156.7,20,Partner,Wallet,Zaragoza,no
T00795,2023-05-22,C0206,P0055,7,918.51,5,Partner,Cash,Madrid,no
T00796,2023-05-30,C0198,P0002,2,90.27,0,Store,Transfer,Sevilla,yes
T00797,2024-02-07,C0195,P0005,3,903.1,0,Partner,Cash,Sevilla,no
T00798,2024-11-28,C0180,P0071,5,723.22,0,Store,Card,Zaragoza,no
T00799,2024-06-24,C0157,P0118,3,702.09,5,Partner,Transfer,Bilbao,no
T00800,2024-09-25,C0167,P0057,6,888.35,20,Partner,Wallet,Zaragoza,no
